Sr No.,Name,Roll No,Branch,Calculus-1,Calculus-2,Python-1,Python-2,SM-1,SM-2
1,Matthew Torres,STU0001,B.Tech CSE,14.5,50,27,16.6,60.4,50
2,Richard Marshall,STU0002,B.Tech AIML,79.1,50,81.2,72.9,95.8,93.7
3,Rhonda Price,STU0003,B.Tech CSE,79.1,39.5,70.8,87.5,87.5,87.5
4,Tammy Williams,STU0004,B.Tech CSE,4.1,4.1,0,10.4,37.5,4.1
5,Kelsey Jackson,STU0005,B.Tech AIML,45.8,25,2,12.5,47.9,60.4
6,Bethany Harvey,STU0006,B.Tech AIDS,35.4,29.1,43.7,41.6,6.2,35.4
7,Nancy Murray,STU0007,B.Tech AIDS,31.2,66.6,27,64.5,6.2,8.3
8,Sara Hodges,STU0008,B.Tech AIDS,83.3,89.5,70.8,83.3,37.5,12.5
9,Parth Bhirwandekar,STU0009,B.Tech AIML,54.1,43.7,2,25,68.7,75
10,Justin Jimenez,STU0010,B.Tech AIML,77,97.9,97.9,100,97.9,89.5
11,Mary Chang,STU0011,B.Tech CSE,10.4,10.4,20.8,52,14.5,50
12,Robert Hill,STU0012,B.Tech AIML,29.1,20.8,20.8,33.3,22.9,22.9
13,Sheila Harris,STU0013,B.Tech AIML,87.5,41.6,62.5,45.8,22.9,45.8
14,Holly Barron,STU0014,B.Tech AIML,41.6,0,25,0,47.9,25
15,Jeffrey Roberts,STU0015,B.Tech AIML,54.1,47.9,100,75,81.2,81.2
16,Christopher Mayo,STU0016,B.Tech AIDS,43.7,18.7,27,14.5,22.9,16.6
17,Harold Richards,STU0017,B.Tech CSE,22.9,10.4,2,70.8,64.5,54.1
18,Angel Atkins,STU0018,B.Tech CSE,100,95.8,93.7,45.8,75,70.8
19,Amanda Fowler,STU0019,B.Tech AIDS,50,16.6,77,20.8,22.9,43.7
20,Jamie Parker,STU0020,B.Tech CSE,20.8,22.9,54.1,4.1,31.2,56.2
21,Daniel Perez,STU0021,B.Tech AIML,87.5,87.5,2,85.4,47.9,79.1
22,Christine Rogers,STU0022,B.Tech AIML,2,2,43.7,39.5,41.6,18.7
23,Edward Ford,STU0023,B.Tech CSE,25,29.1,79.1,64.5,68.7,39.5
24,Hannah Gibson,STU0024,B.Tech CSE,33.3,29.1,27,6.2,0,2
25,Jeffrey Howe,STU0025,B.Tech CSE,35.4,27,27,54.1,6.2,0
26,Lori Alexander,STU0026,B.Tech AIDS,64.5,29.1,62.5,25,43.7,47.9
27,Jason Sandoval,STU0027,B.Tech AIDS,62.5,45.8,27,79.1,18.7,39.5
28,Tim Allen,STU0028,B.Tech AIDS,35.4,54.1,56.2,29.1,47.9,64.5
29,Mrs. Jennifer Green,STU0029,B.Tech AIML,68.7,75,43.7,45.8,64.5,58.3
30,Dean Rodgers,STU0030,B.Tech AIDS,58.3,64.5,70.8,56.2,72.9,64.5
31,Timothy Gray,STU0031,B.Tech CSE,12.5,58.3,2,16.6,4.1,6.2
32,Dennis Campbell,STU0032,B.Tech AIML,52,70.8,56.2,91.6,93.7,70.8
33,Tammy Hunter,STU0033,B.Tech AIDS,70.8,60.4,93.7,89.5,75,77
34,Thomas Miller,STU0034,B.Tech CSE,70.8,81.2,2,29.1,43.7,25
35,Heidi Torres,STU0035,B.Tech CSE,66.6,60.4,2,75,91.6,85.4
36,Stephen Miller,STU0036,B.Tech CSE,93.7,68.7,2,43.7,87.5,100
37,Elizabeth Foster,STU0037,B.Tech AIML,87.5,83.3,62.5,97.9,100,93.7
38,Danny Potter,STU0038,B.Tech AIDS,18.7,77,27,6.2,2,10.4
39,Carlos Adkins,STU0039,B.Tech AIML,83.3,72.9,62.5,81.2,60.4,62.5
40,Brittany Camacho,STU0040,B.Tech AIDS,25,56.2,81.2,68.7,47.9,29.1
41,Charles Bentley,STU0041,B.Tech AIML,95.8,100,87.5,93.7,75,91.6
42,Stephen Hernandez,STU0042,B.Tech CSE,97.9,91.6,89.5,62.5,85.4,93.7
43,Robert Russell,STU0043,B.Tech CSE,6.2,4.1,56.2,37.5,16.6,37.5
44,Donna Mejia,STU0044,B.Tech CSE,6.2,4.1,2,56.2,31.2,14.5
45,Rebecca Miller,STU0045,B.Tech CSE,60.4,85.4,85.4,93.7,81.2,64.5
46,Gregory Harvey,STU0046,B.Tech AIDS,75,93.7,89.5,60.4,47.9,81.2
47,Gina Lopez,STU0047,B.Tech AIDS,14.5,10.4,52,20.8,31.2,33.3
48,Daniel Weaver,STU0048,B.Tech CSE,0,29.1,27,33.3,18.7,31.2
49,Sarah Chapman,STU0049,B.Tech AIDS,47.9,79.1,43.7,2,6.2,18.7
50,Jeffery Parks,STU0050,B.Tech AIML,76.8,50.7,78.5,72.9,96.3,93.1
51,Ryan Diaz,STU0051,B.Tech AIML,54.9,51,100,79.2,81.2,84.5
52,Shelby Fields,STU0052,B.Tech AIDS,63.1,61.5,2,82.6,90.1,81.1
53,Jerry Haas,STU0053,B.Tech AIML,27.7,33,23.8,6,1.4,0
54,Jonathan Wilcox,STU0054,B.Tech AIML,2.2,0,45,37.3,36.6,15.4
55,Kaylee Clark,STU0055,B.Tech AIML,59.2,66.9,66.9,58.7,75.3,62.8
56,Tracy Curtis,STU0056,B.Tech AIDS,49,78.1,45.3,1.5,5,14.2
57,Natalie Gomez,STU0057,B.Tech AIML,69.2,75.5,51.6,52.3,68.6,57.1
58,Vanessa Brooks,STU0058,B.Tech CSE,41.7,20.8,2.5,14.5,46.2,61.2
59,Jimmy Hunter,STU0059,B.Tech AIDS,100,98.9,91.8,66.1,86.8,96
60,Alicia Kramer,STU0060,B.Tech AIML,25.6,30.2,80.2,66.6,74.4,40.4
61,Kerry Horn,STU0061,B.Tech AIML,24.4,54.2,82.4,72.6,45.7,30.4
62,Aaron Nelson,STU0062,B.Tech CSE,100,93.8,94.2,42.8,74.7,79.2
63,Amanda Lewis,STU0063,B.Tech AIDS,14.9,58,2.2,15.9,0,3.4
64,Justin Jenkins,STU0064,B.Tech CSE,29.9,71,25.7,67.3,10.7,10.5
65,Meghan Nguyen,STU0065,B.Tech AIML,3.3,8,0,55.6,30.8,18.3
66,Tina Combs,STU0066,B.Tech AIML,48.3,5.1,23.5,2.3,51.7,24.7
67,Karen Harris,STU0067,B.Tech AIML,1.2,4.7,0.8,14.5,39.4,4.8
68,Kurt Thomas,STU0068,B.Tech AIML,19.7,77.1,20.7,2.9,0.9,13.5
69,Emily Palmer,STU0069,B.Tech AIML,55.9,55.5,97.7,79.7,79.9,84.2
70,Whitney Bryant,STU0070,B.Tech AIDS,60.8,74.8,46.5,45.3,60.6,56.7
71,Joseph Singleton,STU0071,B.Tech AIML,87.4,89,64.2,93.7,100,97.1
72,Anne Norris,STU0072,B.Tech CSE,13.5,60.2,0,19.2,7.1,9.2
73,Jason Jones,STU0073,B.Tech AIDS,16.6,8.3,50.4,22.5,28.1,30.4
74,Christopher Silva,STU0074,B.Tech CSE,37.4,29.3,42.2,37.7,4.6,35.7
75,Debra Armstrong,STU0075,B.Tech AIDS,81.4,36.9,62.6,51.1,22.3,43.5
76,Keith Owens,STU0076,B.Tech CSE,28.9,22.4,21.8,25.8,24.3,24.4
77,Beverly Walsh,STU0077,B.Tech CSE,77.1,95.7,100,98.3,96.7,86.7
78,Craig Anderson,STU0078,B.Tech CSE,3.2,3.3,2.8,7.7,34.7,2
79,Catherine Bautista,STU0079,B.Tech AIML,15.6,73.6,26.4,7.1,1.7,9.1
80,Joshua Mitchell,STU0080,B.Tech AIDS,48.8,80.2,38.8,1.2,7.3,25.9
81,Kathy Lamb,STU0081,B.Tech CSE,26.6,22.9,24.4,36.4,21.4,22.1
82,Ruth Wright,STU0082,B.Tech AIDS,83.8,89.5,73,83.6,38.3,14.8
83,Alexandra Harris,STU0083,B.Tech AIML,0,0,46.4,38.5,40.2,21.3
84,Katherine Payne,STU0084,B.Tech AIML,14.2,57.2,6.2,18.8,6.9,7.6
85,Dr. Paula Wright,STU0085,B.Tech AIML,17.1,58.8,2.7,19,3.9,4.1
86,Janet French,STU0086,B.Tech AIDS,41.9,0,24.8,0,48.9,29.8
87,Corey Curtis,STU0087,B.Tech AIML,84.4,90.7,71.6,83,35.1,5.7
88,Diane Farley,STU0088,B.Tech AIML,65.1,31.7,69.9,23.6,47.7,45.4
89,Erika Evans,STU0089,B.Tech CSE,1.2,5.8,57.5,33.9,19.9,29.7
90,Mary Adams,STU0090,B.Tech AIML,60.1,87.4,88.5,97.2,84.2,67.3
91,Shirley Sims,STU0091,B.Tech CSE,88.1,67.8,62.3,83.6,61.1,65.4
92,Kimberly Benson,STU0092,B.Tech CSE,86.7,84.6,60.5,95.8,99.5,86.2
93,Jason Carson,STU0093,B.Tech AIML,85.8,75.7,61.5,78.6,63.8,68.5
94,Nicolas White,STU0094,B.Tech AIML,14.1,59.5,0.2,16.5,3.3,9.7
95,Cynthia Nichols,STU0095,B.Tech AIDS,36.1,33.1,42.8,38,10.6,40.9
96,Madison Sanders,STU0096,B.Tech CSE,97,93.7,79.5,93.6,74.1,85
97,Gary Cochran,STU0097,B.Tech AIML,81.2,90.9,70.9,79.6,38.6,12
98,Timothy Trujillo,STU0098,B.Tech AIML,64.9,28.1,65.4,25.8,39.7,51.7
99,Susan Schaefer,STU0099,B.Tech AIML,20,24.4,14.7,31.6,25.4,25.3
100,Jerry Burns,STU0100,B.Tech AIDS,73.8,33.4,67.4,85.4,85,89.9
101,Erik Williams,STU0101,B.Tech AIML,92.1,66.8,3.3,43.9,87.6,97.8
102,Evan Davis,STU0102,B.Tech CSE,43.3,82,47.2,4.5,5.6,18
103,Jeremy Smith,STU0103,B.Tech AIML,12.4,5.6,21.8,55.4,15.5,47.8
104,Mr. Ryan York,STU0104,B.Tech CSE,67.3,61.7,0,72.2,91,84.4
105,Timothy Petty,STU0105,B.Tech AIDS,30.6,26.9,26.6,55.9,11.8,6.7
106,Carol Myers,STU0106,B.Tech AIML,21,73.7,25.9,8.5,1.7,14.1
107,Tina Martinez,STU0107,B.Tech CSE,52.2,40.3,3,21.3,62.9,76.1
108,Heidi Rodriguez,STU0108,B.Tech AIML,34.4,67,30.2,64.8,4.2,9
109,Lauren Simmons,STU0109,B.Tech CSE,64.2,58.9,4.7,75.5,91.2,82.9
110,Angie Montoya,STU0110,B.Tech AIML,27.6,52.7,89.2,74.3,47.3,26.3
111,Stephanie Barron,STU0111,B.Tech AIDS,79.9,62.6,93.7,92.7,71.9,79.7
112,Edwin Smith,STU0112,B.Tech AIML,62.5,60,4,72.8,92.9,83.2
113,Rebecca Nguyen,STU0113,B.Tech AIML,35,30.1,26.3,12.9,1.3,1.6
114,Stephen Franco,STU0114,B.Tech CSE,11.6,65.5,1.2,10.3,3.2,3.2
115,Patricia Cox,STU0115,B.Tech AIDS,16.8,47.2,26,20.1,63.8,49.2
116,Brianna Kim,STU0116,B.Tech AIML,96.6,99.5,88.2,94.1,74.7,96.5
117,Seth Bell,STU0117,B.Tech AIDS,80.2,97,100,94.7,99.1,89.7
118,Deanna Washington,STU0118,B.Tech AIML,45.6,0,26.8,0.8,47.6,25.8
119,Paige Simpson,STU0119,B.Tech CSE,60.6,42,23,82,19.8,42.4
120,Dave Montoya,STU0120,B.Tech AIML,30.7,68.3,27.9,61.3,6.9,8.5
121,Kristi Booth,STU0121,B.Tech CSE,55,45.3,100,71.6,81.2,79.3
122,Eric Ayers,STU0122,B.Tech AIDS,66.9,83.6,1.2,35.2,44.6,24.5
123,Frank Vaughan,STU0123,B.Tech AIML,92.1,66.4,0,44,85.5,100
124,Keith Smith,STU0124,B.Tech AIML,26.1,7.9,4,72.3,64,53.4
125,Joseph Ramos,STU0125,B.Tech AIDS,100,96.9,91,45.1,75.1,72.4
126,Jenna Bowman,STU0126,B.Tech AIDS,85.4,37.9,65.3,46.6,27.7,52.9
127,Blake Pierce,STU0127,B.Tech AIML,47.3,83.5,38.4,3.4,4.1,14.6
128,Kenneth Booker,STU0128,B.Tech AIDS,14.5,14.4,46.6,28.2,29.3,29.9
129,David Shepherd,STU0129,B.Tech CSE,89.6,66.9,60.5,79.1,64.6,62.3
130,Mary Craig,STU0130,B.Tech AIML,65,24.3,58.7,24.4,45.1,46.5
131,Susan Valentine,STU0131,B.Tech AIDS,60.5,86.2,78.5,91.9,81.8,68
132,Barry Davis,STU0132,B.Tech CSE,52.1,61.8,54.1,88.3,93.5,69
133,Pam Johnson,STU0133,B.Tech AIDS,45.9,81,42,0,13.8,19.5
134,Kristine Franklin,STU0134,B.Tech CSE,39.6,31.5,24.6,55.7,3.9,0
135,Ricky Leach,STU0135,B.Tech AIML,50.9,47.4,2.9,18.1,69.2,76
136,Mary Freeman,STU0136,B.Tech AIDS,89.4,92,2.9,85.2,47,80.6
137,Tommy Lamb,STU0137,B.Tech AIML,17.4,47.9,24,16.6,61.4,47.5
138,Patricia Bailey,STU0138,B.Tech AIDS,29.3,18.3,19.7,30.8,23.2,20.2
139,Bob Williams,STU0139,B.Tech AIML,38.1,0,27.4,0,48.6,20.3
140,Lori Vazquez,STU0140,B.Tech AIDS,67.6,64.3,3.1,76.1,90.3,86.7
141,Victoria Hatfield,STU0141,B.Tech CSE,13.3,59.7,0.3,20.7,7.2,9.9
142,David Stephenson,STU0142,B.Tech AIDS,87.8,82.8,58.7,95.5,98.5,91.3
143,Hayley Montgomery,STU0143,B.Tech AIDS,99,95.5,86.3,58.8,83.9,97.8
144,Scott Durham,STU0144,B.Tech AIML,14.3,76.5,31.7,9.8,2.4,9
145,Mary Cook,STU0145,B.Tech AIML,87.5,86.6,6.6,87,50.7,78.6
146,Daniel Atkins,STU0146,B.Tech CSE,6.3,8.7,18.4,59.5,21,49
147,Stephanie Decker,STU0147,B.Tech AIDS,49.1,1.3,28.6,2.1,47.2,24.4
148,Anthony Odom,STU0148,B.Tech CSE,85.9,92.3,9.1,88.1,43.9,78.9
149,Wanda Mercer,STU0149,B.Tech AIML,81.4,93.6,74.2,82.6,36.9,9.1
150,Lauren Ellis,STU0150,B.Tech AIML,90.4,70.8,0,46.9,88.3,98.4
151,John Bell,STU0151,B.Tech AIML,76,98.2,97.9,99.2,93.9,86.6
152,Jessica Flores,STU0152,B.Tech AIML,67.8,74.3,42,47.8,67,53.5
153,Colin Wood,STU0153,B.Tech AIDS,100,93.2,89.1,66.5,86.7,97.2
154,Zachary Gonzalez,STU0154,B.Tech CSE,56.9,82.1,87.2,94.4,77.7,70.3
155,William Ford,STU0155,B.Tech CSE,57.4,45.4,1.8,25.9,66.9,73.4
156,Christopher Roy,STU0156,B.Tech AIML,47,78.7,44.5,2.9,3.4,15.4
157,Jerry Johnson,STU0157,B.Tech AIML,44.3,30.1,6.5,12.1,48.1,63.5
158,Andrew Mccarthy,STU0158,B.Tech AIDS,35.5,28.4,19.6,54.4,6,2.4
159,Dr. Micheal Spencer,STU0159,B.Tech AIML,55,52.7,100,76,78.6,82.1
160,Catherine Washington,STU0160,B.Tech AIML,52.4,46.7,2.5,27.2,73.1,69
161,Karen Thompson,STU0161,B.Tech AIML,47.3,24.1,3.6,15.8,46.7,61.3
162,Jennifer Franco,STU0162,B.Tech CSE,65.7,64.8,71,64.4,72.8,70.6
163,Tanya Bryant,STU0163,B.Tech AIDS,20.6,9.1,2.8,69.6,64.3,55.7
164,Elizabeth Mckinney,STU0164,B.Tech AIDS,57.2,86.3,84.6,91.9,83.9,63.6
165,Brian West,STU0165,B.Tech CSE,77.1,55.9,87.8,74.7,92.7,89.8
166,Debra Jennings,STU0166,B.Tech AIDS,37.1,57.2,53.6,30,47,55.2
167,Jonathan Duncan,STU0167,B.Tech CSE,79.2,75.8,44.2,47.7,65.9,61.2
168,James White,STU0168,B.Tech CSE,68.6,85.2,1.4,32.2,44,27.9
169,Julie Vincent,STU0169,B.Tech AIDS,76.9,40.1,71.4,89.9,93.7,86.1
170,Jesse Maldonado,STU0170,B.Tech AIML,83.7,42.4,70.8,87.6,84.7,84.6
171,Denise Gray,STU0171,B.Tech AIDS,0,33.7,22.4,34.3,17.1,34.7
172,Lauren Black,STU0172,B.Tech CSE,74.1,96,90.3,61.9,47.3,77.2
173,Mark Garcia,STU0173,B.Tech AIDS,60.1,61.2,72.5,53.5,69.6,70.4
174,Colin Sullivan,STU0174,B.Tech CSE,27.6,7.5,1.9,67.3,65.8,55
175,Rodney Zamora,STU0175,B.Tech CSE,19.2,71.1,27.5,5.5,0,11.8
176,Tamara Martinez,STU0176,B.Tech AIML,96.5,100,87,91.5,80.2,90
177,Peter Rodriguez,STU0177,B.Tech CSE,15,11.1,51.5,25,30.9,33.5
178,Cynthia Nolan,STU0178,B.Tech AIDS,17.2,78.1,27.4,2.5,5.6,8.1
179,Pamela Barr,STU0179,B.Tech AIML,26.9,22.4,25.5,35.7,19.1,21.8
180,Michelle Roberts,STU0180,B.Tech AIML,34.4,37.4,23.8,10.6,0.6,0
181,Michael Sawyer,STU0181,B.Tech CSE,15.9,5.5,16.4,49.6,15.3,50
182,Peggy Roberts,STU0182,B.Tech AIDS,34.2,26.4,22.7,7.7,0.1,0
183,Bailey Nicholson,STU0183,B.Tech CSE,49.2,65.1,54.9,89,94.3,73.2
184,Teresa Cooper,STU0184,B.Tech CSE,72.1,60.6,90.4,88.1,75.9,80
185,Christopher George,STU0185,B.Tech AIDS,61.1,85.7,85.6,95.5,80.7,60.8
186,Vincent Nguyen,STU0186,B.Tech AIML,93,66,0,44.3,90.7,95.2
187,Julie Anderson,STU0187,B.Tech CSE,12,8.7,18.5,49.8,11.2,46.9
188,Robert Fuller,STU0188,B.Tech CSE,82.3,50.2,83.9,73,97.1,91.8
189,Robert Santiago,STU0189,B.Tech AIDS,13,6.9,49,21.1,36.4,34
190,Veronica Harper,STU0190,B.Tech AIML,62.4,76.2,46.6,45,66.4,54
191,Dennis Johnson,STU0191,B.Tech CSE,42.7,0.5,24.8,1.6,48.2,21.9
192,Rebecca Singh,STU0192,B.Tech AIML,22.6,73.5,26.6,7,7.2,12.9
193,Crystal Stein,STU0193,B.Tech AIML,0,28.7,30.2,31.5,13.9,26.6
194,Tonya Williams,STU0194,B.Tech CSE,64.4,47.5,25.5,83.7,21.6,37.7
195,Jeremy Foster,STU0195,B.Tech AIML,59.9,46.3,27,76.9,17.7,38
196,Mr. Anthony Bradley,STU0196,B.Tech AIDS,5.4,1.4,42.2,35.9,44.2,21.7
197,Nathan Jenkins,STU0197,B.Tech CSE,97.3,98.8,80.3,89,74.3,94.8
198,Amanda Boyd,STU0198,B.Tech CSE,58.1,86.1,83.7,96.5,83.3,65
199,Abigail Shelton,STU0199,B.Tech AIDS,14,50.6,23.2,20.9,59.2,45.2
200,Megan Mitchell,STU0200,B.Tech AIDS,45.7,26.4,3.3,12.3,44.9,58.2
201,Michael Oconnell,STU0201,B.Tech AIDS,61.6,56.9,69.2,58.8,71.4,57.4
202,Robert Parker,STU0202,B.Tech CSE,31.1,55.3,57,26.8,44.1,64.5
203,Joseph Butler,STU0203,B.Tech CSE,81.9,44.7,56.3,49.5,25.4,45.4
204,Pedro Roberts,STU0204,B.Tech CSE,52.7,72.4,55.5,89.1,92.7,70
205,Robert Williams,STU0205,B.Tech CSE,99.5,91.3,87,56.3,88.2,90.3
206,Alejandro Gregory,STU0206,B.Tech AIDS,60.4,27.2,62,29.6,44.4,49.1
207,Jessica Wood,STU0207,B.Tech AIDS,79.1,90.8,71.1,86.1,33.6,11.6
208,Nicholas Ryan,STU0208,B.Tech AIDS,36.6,51.4,57.1,32.1,55.2,63.4
209,Michael Barr,STU0209,B.Tech AIDS,23.6,20.4,20.3,31.7,25.2,21.1
210,Matthew Best,STU0210,B.Tech AIML,64.7,58.1,3,75.3,92.4,84.3
211,Bradley Tucker,STU0211,B.Tech AIDS,9.6,13.5,47.9,20.6,30.8,33.1
212,Michael Davis,STU0212,B.Tech CSE,65.1,62.1,2,75,88.1,82.8
213,Heather Perry,STU0213,B.Tech AIML,35.4,55.8,54.9,32.5,47.5,61.1
214,Dustin Davis,STU0214,B.Tech AIDS,10.3,59,2.2,9.7,0,4.6
215,Crystal Foster,STU0215,B.Tech AIDS,62.5,87.9,87.4,94.1,82.4,69.2
216,Sonia Anderson,STU0216,B.Tech AIML,98.3,96.9,91.9,62.6,82.2,95.3
217,James Howard,STU0217,B.Tech AIML,51.8,43.1,3.5,26.7,68.7,72.5
218,Brandon Harrison,STU0218,B.Tech AIDS,30.4,26.7,42,38.9,8.9,39.4
219,Zachary Stewart,STU0219,B.Tech AIML,93.7,73.1,2.5,42.6,93.1,100
220,Nancy Bass,STU0220,B.Tech AIDS,85.4,77.4,63.4,82.1,60.9,68.5
221,Matthew Sampson,STU0221,B.Tech AIDS,0,5.8,51.2,42.7,9.1,37.8
222,Thomas Salinas,STU0222,B.Tech AIML,62,44.1,26.9,82.3,25.2,40.8
223,Andrew Hernandez,STU0223,B.Tech CSE,84.2,40.2,70.1,84.5,86.7,87
224,Albert Murray,STU0224,B.Tech AIML,38.2,34.8,26.5,6.2,0,0.5
225,Heather Oneal,STU0225,B.Tech AIDS,6,13.5,17.1,47.8,16.3,48.1
226,Rebecca Lee,STU0226,B.Tech AIML,35.8,31.6,47.6,46.2,5.5,38.2
227,Heather Oconnor,STU0227,B.Tech AIDS,66.4,58.1,3.6,73.8,90,83.3
228,Carlos Young,STU0228,B.Tech CSE,51.4,46.5,0,26.4,67.3,77
229,Alison Waters,STU0229,B.Tech CSE,7.3,0.7,55.6,36.9,14.7,38.6
230,Paul Richardson,STU0230,B.Tech AIDS,27.8,13.1,2.3,63.9,61,55.5
231,Linda Paul,STU0231,B.Tech AIDS,76.6,91.3,74.2,77.8,40.1,13.8
232,Anthony Torres,STU0232,B.Tech AIDS,86.9,85.2,5.4,85,50,78.9
233,Shannon Horton,STU0233,B.Tech CSE,27.1,29.3,81.1,65.6,68.1,42.1
234,Angela Davis,STU0234,B.Tech CSE,66.7,56.2,90.5,92.2,76.9,79.5
235,Holly Watkins,STU0235,B.Tech AIML,71.3,54.4,94,88,78.3,75.8
236,Carol Walters,STU0236,B.Tech AIML,69.5,61.2,95.3,86.2,71.7,76.8
237,Rachel Everett,STU0237,B.Tech CSE,97.1,88.4,89.7,63.3,85.4,97.6
238,John Lewis,STU0238,B.Tech CSE,62.7,44.8,27,80.2,21.2,38
239,Brittany Nunez,STU0239,B.Tech AIML,86.8,84,6.2,87.4,48.4,76
240,Kevin Miles,STU0240,B.Tech AIML,95.7,88.7,88.5,60.3,87.6,92.5
241,Cody Sullivan,STU0241,B.Tech CSE,0,30.3,24.3,34.6,19.5,31.7
242,Mr. David Wolf,STU0242,B.Tech CSE,11.4,48.2,26.2,20,60.7,45.2
243,Karen Smith,STU0243,B.Tech AIDS,15.2,9.4,21,52,11.2,48.8
244,Michael Lee,STU0244,B.Tech CSE,0,0.4,46.8,40.4,45.8,15.6
245,Becky Flores,STU0245,B.Tech AIML,10.5,7.7,19.2,52.7,13.7,54.8
246,Jessica Edwards,STU0246,B.Tech AIML,64.3,91.2,80.4,92.2,80.2,61.6
247,Krista James,STU0247,B.Tech CSE,47.1,78.6,37.1,3.5,7.9,17.7
248,Heather Mejia,STU0248,B.Tech AIML,10.9,53.5,32.3,19.4,54.8,49.8
249,Sarah Weaver,STU0249,B.Tech AIDS,64,42.8,29.6,81.1,18.6,39.3
250,Summer Rogers,STU0250,B.Tech CSE,16,8.3,23.9,48.9,9.7,46.6
251,John Garcia,STU0251,B.Tech CSE,88.5,80.2,63,100,99.1,92.7
252,Abigail Smith,STU0252,B.Tech AIDS,68.3,28.3,64.3,24.3,42,47.8
253,Kaitlyn Rivers,STU0253,B.Tech CSE,31.7,55.9,56,30.5,48,64.6
254,Jasmine Anderson,STU0254,B.Tech AIDS,3,3.3,5.9,57.7,26.5,16.7
255,Mary Gregory,STU0255,B.Tech AIML,35.1,25.4,25.6,53.1,5.9,0
256,Morgan Mitchell,STU0256,B.Tech AIDS,34.7,30.1,45.5,44.2,4.9,33.1
257,Mrs. Barbara Marshall,STU0257,B.Tech AIDS,65.7,28.8,61.1,23,41.5,54.7
258,Jackson Schmitt,STU0258,B.Tech AIDS,88.2,69.4,60.8,77,59.8,59.6
259,Jaime Harmon,STU0259,B.Tech AIDS,63.9,31.2,60.4,23.1,43.9,50.1
260,Albert Ramsey,STU0260,B.Tech AIML,54.2,40.7,100,74.3,74.6,76.6
261,Bradley Nicholson,STU0261,B.Tech AIDS,54.2,73.1,57,92.4,96.4,72.5
262,Taylor Moran,STU0262,B.Tech AIDS,76.3,70.1,64.5,77.1,62.3,56.2
263,Madison Savage,STU0263,B.Tech AIML,29.4,57.1,78,71,46.5,26.1
264,Nicholas Rodriguez,STU0264,B.Tech AIDS,17.4,49.5,27.7,17.3,62.1,49.8
265,Kevin Holden,STU0265,B.Tech CSE,30.1,16.3,20.8,36.3,22.7,24.7
266,Jonathan Wheeler,STU0266,B.Tech AIML,19.6,14.9,1.3,68.3,62.7,54.7
267,Donald Jackson,STU0267,B.Tech AIDS,18.9,20.1,50.9,5,32.3,54.3
268,Crystal Russo,STU0268,B.Tech AIML,65.5,90.5,89,91.9,82.5,65.4
269,Brittany Martin,STU0269,B.Tech CSE,11.3,48.7,30.7,16,57.9,47.7
270,Gabriella Thompson DDS,STU0270,B.Tech AIML,9,4.8,23.2,50.1,17.2,51.9
271,Angela Sharp,STU0271,B.Tech AIDS,51.1,72.9,56.3,89.6,93.3,73.3
272,Roy Brooks,STU0272,B.Tech AIDS,19.4,22.5,60.1,4.9,32,53.2
273,Mr. Gabriel Lopez,STU0273,B.Tech AIDS,22.9,25.5,78.6,65,65.9,41.9
274,Jaime Day,STU0274,B.Tech CSE,99.8,89.9,91.1,61.7,86.8,97.3
275,Connie Mendoza,STU0275,B.Tech CSE,98.4,72.6,0,41.4,83.4,100
276,Cassandra Howell,STU0276,B.Tech CSE,44.8,12.7,77.5,17.7,18.2,48.5
277,Brandon Ruiz,STU0277,B.Tech AIDS,11.5,57.2,0,15.8,1.2,9.8
278,Kenneth Padilla,STU0278,B.Tech AIML,78.9,51.3,85.7,73.5,95.9,92
279,Jason Harrison,STU0279,B.Tech AIML,47.1,18.8,77.8,21,23.6,43.9
280,Jose Carpenter,STU0280,B.Tech CSE,64.8,56.8,0.6,77.6,94.1,80.4
281,Mrs. Madison Kemp,STU0281,B.Tech AIDS,58.9,51.5,100,75,81.1,81.8
282,Angela Cain,STU0282,B.Tech AIDS,69.5,79.6,2,26.7,41.5,24.4
283,Darrell Bradford,STU0283,B.Tech AIML,3,0.8,52.4,35.8,20.2,37.6
284,Daryl Collins,STU0284,B.Tech AIDS,71.8,90.6,88.3,57.2,43.7,80.6
285,Brandon May,STU0285,B.Tech AIML,3,30.7,26.9,35.2,13.4,26.4
286,Pamela Bridges,STU0286,B.Tech CSE,55.5,45.7,98.9,81,74.9,75.7
287,Heather Clark,STU0287,B.Tech AIML,40.7,25.8,40.5,40.1,6.9,32.2
288,Lisa Molina,STU0288,B.Tech CSE,6.3,4.7,59.1,37,16.7,41.1
289,Matthew Hayden,STU0289,B.Tech AIML,49.1,66.9,57,91,91.9,72.3
290,Anita Lee,STU0290,B.Tech CSE,66.9,72.4,42.9,42.7,65.6,59.9
291,Amy Ryan,STU0291,B.Tech CSE,50.7,71,57.1,94.2,94.6,72.9
292,Taylor Pitts,STU0292,B.Tech AIML,7.8,8.9,22.1,53.7,15,53.7
293,Jessica Williamson,STU0293,B.Tech AIDS,80.3,44.2,81.8,71.6,92.5,96.5
294,Lisa Walker,STU0294,B.Tech AIML,98.8,69,5.7,49.3,90.4,99.6
295,Michael Johns,STU0295,B.Tech AIML,22,25,52.9,6.3,29.8,58.8
296,April Harrison,STU0296,B.Tech AIML,61.2,88,87.2,92.1,75.5,65.8
297,Kevin Rose,STU0297,B.Tech CSE,9.5,59.2,0.3,18,9.7,4.7
298,Julie Hicks,STU0298,B.Tech CSE,19,25.7,53.7,6.5,27.3,55.1
299,Danny Ibarra,STU0299,B.Tech CSE,76.8,92.7,89.7,57.6,49.2,85.2
300,Heather Hartman,STU0300,B.Tech CSE,23.4,13.5,6.7,68,65.9,55.4
301,Claudia Warner,STU0301,B.Tech AIDS,58.1,65.5,72.2,53,73.6,65.5
302,Jordan Ho,STU0302,B.Tech AIDS,9.1,1,3.7,9.4,39.3,0.8
303,Vanessa Morgan,STU0303,B.Tech CSE,47.1,18.8,74.8,20.9,22.2,43.3
304,Eric Brown,STU0304,B.Tech CSE,44.3,13.8,77.4,22.7,23.7,43.5
305,Kathryn Cole,STU0305,B.Tech CSE,94.3,98.5,90.8,97.1,75.4,90.1
306,Steven Andrews,STU0306,B.Tech AIML,33.3,32.7,30.2,12.1,4.1,5.9
307,Jennifer Wilson,STU0307,B.Tech AIML,52.9,14.9,75.4,19.9,25.3,44.9
308,Kristin Cordova,STU0308,B.Tech CSE,40.8,17.2,24.6,11.5,19.1,15.9
309,Jonathan Williams,STU0309,B.Tech AIML,85.1,90.7,70.2,80.4,31.1,10.9
310,Tracy Martin,STU0310,B.Tech AIML,86.6,93.5,7.4,85,47.8,81.7
311,Ricardo Maldonado MD,STU0311,B.Tech AIDS,35.6,30,47.5,40.2,2.2,39.6
312,Michael Sampson,STU0312,B.Tech CSE,49.6,77.7,39.7,2.4,8.5,25.5
313,Megan Allen,STU0313,B.Tech AIDS,13.6,6.7,22.6,49.1,14.2,46.5
314,Christy Hicks,STU0314,B.Tech CSE,88.9,66.5,9.1,42.4,88.4,100
315,Makayla Miller,STU0315,B.Tech CSE,4.1,1.5,57.7,39.8,22.2,36.3
316,Jennifer Lawrence,STU0316,B.Tech AIDS,34.9,27.2,23.5,54.1,2.5,0
317,Erica Elliott,STU0317,B.Tech AIML,0,26.5,26.1,26.6,18.9,26.8
318,Dustin Mccoy,STU0318,B.Tech AIML,10.9,5.1,60.3,39.3,16.7,36.9
319,Marisa Davis,STU0319,B.Tech CSE,69.4,91.3,81.4,63,44.7,84.9
320,Ashley Jacobs,STU0320,B.Tech AIML,50.3,12.3,74.4,16.6,25.5,39.4
321,Grace Knox,STU0321,B.Tech AIDS,79,45.4,80.5,79.5,95.8,90.6
322,Jessica Harmon,STU0322,B.Tech AIDS,66.4,83.6,1.5,27.4,42,22.6
323,Mrs. Frances Martin PhD,STU0323,B.Tech CSE,9,6.9,23.9,51.7,17.7,48.1
324,Lynn Frederick,STU0324,B.Tech AIML,73.7,87.2,2.4,34,43.1,24.8
325,Michelle Richardson,STU0325,B.Tech AIDS,0,0,39.9,38.9,42.1,18.2
326,Jennifer Cameron,STU0326,B.Tech AIDS,40.9,22.3,26.3,12.7,31.6,8.3
327,David Welch,STU0327,B.Tech AIDS,46.2,67.3,58.1,92.1,94.1,71.2
328,Denise Johnson,STU0328,B.Tech AIML,20.1,18,48.5,3.3,27.7,55
329,Carlos Mcdonald,STU0329,B.Tech AIML,30.9,34.7,43.3,41.4,2.2,38.3
330,Kimberly Davis,STU0330,B.Tech CSE,54.1,44.4,2.5,27.6,73.7,76.2
331,Charlene Yang,STU0331,B.Tech AIDS,36.2,54.1,53.5,37.5,45.1,67.6
332,Derek Richardson,STU0332,B.Tech AIDS,32.7,51.8,56.2,31.1,51.7,65.5
333,Lisa Everett,STU0333,B.Tech CSE,49.6,70.6,58.3,90.9,96.1,70.7
334,Lance Mendez,STU0334,B.Tech AIDS,89.3,83.8,61.5,100,94.5,88
335,Dawn Moreno,STU0335,B.Tech AIDS,81.2,86.3,74.9,81.5,39.8,15.4
336,Mariah Richardson,STU0336,B.Tech CSE,3.2,4.6,58.6,36.4,16.4,36.8
337,Tiffany Smith,STU0337,B.Tech AIML,50.4,19.2,75.4,24.5,16.3,42.3
338,Matthew Barnett,STU0338,B.Tech AIML,56.7,51.7,97.8,71.3,75.6,84.8
339,Charles Rogers,STU0339,B.Tech CSE,85.5,72.6,60.9,78.9,57.7,58.5
340,Erika Wilson,STU0340,B.Tech CSE,31,58.9,83.6,66.6,51.6,29.3
341,Charles Barton,STU0341,B.Tech CSE,42.1,23.7,3.8,11.7,47.9,59.7
342,Sandra Thomas,STU0342,B.Tech CSE,84.4,43.9,62.3,43.6,27.8,44.8
343,Crystal Griffin,STU0343,B.Tech AIML,38,3.1,27,1.7,46.1,28.1
344,Michael Williams,STU0344,B.Tech CSE,62.6,27.9,66.2,21.3,40.7,49.3
345,Dawn Rodriguez,STU0345,B.Tech AIML,88.3,40.4,64.7,44.6,25.5,47.7
346,Shirley Johnson,STU0346,B.Tech AIML,100,95.8,91.2,61.4,88.9,89.9
347,Amanda Long,STU0347,B.Tech AIML,77.1,91.9,94,60.7,47.6,81.9
348,Angela Butler,STU0348,B.Tech AIDS,47.3,21.6,1.2,9.5,48.2,60.6
349,Aaron Carter,STU0349,B.Tech AIML,42.4,16.4,29.5,18.8,20.5,22.1
350,Erin Padilla,STU0350,B.Tech CSE,84.8,82.8,54.5,94.9,100,94.9
351,Lance Ferguson,STU0351,B.Tech AIML,32.2,63,24.5,66.2,8.3,7.9
352,Rodney Rodriguez,STU0352,B.Tech AIML,11.6,60.6,0.4,9.8,6.3,4.2
353,Eduardo Wade,STU0353,B.Tech AIDS,71.9,79.3,4.4,31.4,40.8,30.9
354,Paul Riddle,STU0354,B.Tech AIDS,31.7,68.3,25.5,57.7,5.6,14.9
355,Michael Patel,STU0355,B.Tech AIML,35.4,26.1,17.6,5.9,0,1.3
356,Angela Brown,STU0356,B.Tech AIML,58.8,64.4,72.2,59.3,72.2,57.2
357,Dr. Destiny Sloan DDS,STU0357,B.Tech AIML,79.4,49.9,89.1,78.6,100,95.5
358,Casey Rogers,STU0358,B.Tech AIDS,62.6,59,73.2,55.8,71.4,64.2
359,Gary Jones,STU0359,B.Tech AIML,41,29,37.1,41.2,10,36.5
360,Julie Peters,STU0360,B.Tech AIML,62.9,85.9,88.5,98.2,82.8,64.8
361,Gina Wilson,STU0361,B.Tech AIML,69.8,85.2,0.4,32.8,46.1,28.2
362,Michelle Hernandez,STU0362,B.Tech AIDS,71.2,48.1,30.2,76.6,16.9,45.1
363,Patrick Lewis,STU0363,B.Tech AIML,19.3,18.7,51.8,1,33.8,59.3
364,April Cox,STU0364,B.Tech CSE,98.9,97.8,89.1,92.6,71.2,99.5
365,Christopher Anderson,STU0365,B.Tech AIML,47.9,27.6,0,9.2,49.2,55.3
366,Jill Waters,STU0366,B.Tech CSE,100,96,92.1,48.4,72.8,72.1
367,Nicholas Blackwell,STU0367,B.Tech CSE,88.1,87.8,0.6,81.8,45.9,73.4
368,Daniel Fowler,STU0368,B.Tech CSE,14.6,18,50.7,20.2,30.4,36.3
369,Mr. Christopher Harris,STU0369,B.Tech AIDS,44.2,18.4,29.3,11,16.3,17.9
370,Kimberly Johnson,STU0370,B.Tech CSE,22.3,82.5,30,11.4,1.6,14.8
371,David Henderson,STU0371,B.Tech AIML,15,10.5,20.9,54,11.1,42.1
372,Adam Soto,STU0372,B.Tech AIDS,91.9,85.3,5.1,91.5,46.8,78.4
373,John Williams,STU0373,B.Tech CSE,94.6,88.9,92.3,65.1,84.3,91.9
374,Aaron Ward,STU0374,B.Tech AIDS,65.6,60.8,0.5,74.1,92.7,91
375,Taylor Thompson,STU0375,B.Tech CSE,14.1,16.1,53.4,1.2,32.1,56.6
376,Oscar Mcbride,STU0376,B.Tech CSE,85.6,76.7,64.4,97.2,98.5,94.2
377,Sally Bradshaw,STU0377,B.Tech AIML,62.6,49.3,30.3,83.4,19.5,40.5
378,Donald Tran,STU0378,B.Tech AIDS,75.9,46.2,69.6,88.1,86.5,88.7
379,Jacob Cook,STU0379,B.Tech CSE,76.4,52.6,95.8,90.1,73.5,74.4
380,Gabriel Barton,STU0380,B.Tech CSE,25.2,12.1,3,71.8,67.2,54.4
381,Wendy Padilla,STU0381,B.Tech CSE,69.9,62.8,87.3,84,70.9,79.8
382,Christine Williams,STU0382,B.Tech CSE,15,6.2,49.6,21.3,34.8,29.5
383,Devin Kane,STU0383,B.Tech AIDS,61.7,43.9,28.3,80.1,16.4,37.8
384,Shannon Davis,STU0384,B.Tech AIDS,0.5,3.6,45.8,38.4,40.1,20.7
385,Erin Chambers,STU0385,B.Tech AIML,12.5,44.8,26.9,14.9,61.5,51.9
386,Matthew Smith,STU0386,B.Tech CSE,74,77.9,2.3,34.4,40.6,22.9
387,Lisa Nguyen,STU0387,B.Tech CSE,91.5,69,0.8,44.6,88.2,100
388,Bradley Orozco,STU0388,B.Tech AIML,21.4,8.8,51.6,16.3,29.7,33.3
389,Kimberly Ross,STU0389,B.Tech AIML,35.7,26.5,43.6,44.7,6.2,38
390,Amy Williams,STU0390,B.Tech CSE,76.2,96.4,100,97.3,96.5,88.2
391,Aaron Reed,STU0391,B.Tech AIML,69.1,79.5,43,41.9,69.4,59.1
392,Denise Roberts,STU0392,B.Tech CSE,94.1,98,84,95.6,74.2,88.6
393,Edward Small,STU0393,B.Tech AIML,80.7,96.2,97.7,100,100,93.8
394,Jonathan Robinson,STU0394,B.Tech AIDS,23.3,24.2,58.6,5.5,29.8,55.7
395,Jason Conner,STU0395,B.Tech AIML,60.1,87.2,89.5,92.7,81.2,62.6
396,Christine Frank,STU0396,B.Tech CSE,28.6,66,23.6,66,8.8,10.3
397,Shelly Sharp,STU0397,B.Tech AIML,28.2,24.2,20.1,32.9,24.7,24.4
398,Maurice Curtis,STU0398,B.Tech AIDS,5.3,0.7,0,6.6,36.6,0.1
399,Adrian Parker,STU0399,B.Tech AIML,21.9,54.8,85.5,71.2,44.4,33.8
400,Gregory Smith,STU0400,B.Tech AIML,50.9,79.8,41.1,0,9,17.2
401,Ashley Gamble,STU0401,B.Tech AIML,92.4,71.9,2.3,42.9,83.9,100
402,Chelsey Farrell,STU0402,B.Tech CSE,69.4,72.7,42,44.9,64.4,58.4
403,Melissa Solis,STU0403,B.Tech AIDS,48.3,25.2,0,10.7,49.1,57.1
404,John Olson,STU0404,B.Tech CSE,70.7,82.2,3.2,28.5,41.6,24.4
405,Aaron Diaz,STU0405,B.Tech CSE,72.7,58.6,96.8,87.6,77.3,77.1
406,Shirley Santiago,STU0406,B.Tech CSE,4.9,4.6,1.8,51.9,30.9,12.4
407,Dwayne Christensen,STU0407,B.Tech CSE,95.4,71.9,3.7,40.8,91.2,95.3
408,Tanner Reynolds,STU0408,B.Tech AIDS,69.9,58,98.4,92.1,70.8,76.1
409,Lawrence Wood,STU0409,B.Tech CSE,7.7,8.7,0,10.6,34.3,5.9
410,Michael Carney,STU0410,B.Tech AIML,90.8,69,0,42.6,88.9,99.6
411,John Wood,STU0411,B.Tech CSE,51,75.8,57.5,94.3,91.5,72.9
412,Rebecca Mcdonald,STU0412,B.Tech AIDS,86.6,92.1,72.3,84.9,38.7,8.8
413,Jacob Higgins,STU0413,B.Tech CSE,3.9,31.3,29.3,28.4,19.8,32.2
414,Richard Mcpherson,STU0414,B.Tech AIDS,98.4,98.4,85.2,92.6,73.6,93.1
415,Crystal Thornton,STU0415,B.Tech AIDS,51.4,45.2,99.8,73.9,80.2,77.6
416,Jesus Salazar,STU0416,B.Tech AIDS,4.5,4.5,0,8.8,38.4,2.7
417,Stephen Johnson,STU0417,B.Tech CSE,2.6,31,24.2,35.5,18.8,31.8
418,Charles Lang,STU0418,B.Tech CSE,41.7,14,31.3,9.1,25.9,21
419,Pamela Fernandez,STU0419,B.Tech CSE,57.2,62.7,74.5,57.5,76,65.3
420,Andrew Brooks,STU0420,B.Tech AIDS,63,83.2,84.8,97.7,79.7,64.8
421,Kayla Cruz,STU0421,B.Tech AIDS,24.4,54.7,81,67,48.8,26.8
422,Eric Dixon,STU0422,B.Tech CSE,36.7,56,54.2,30.6,46.9,68.8
423,Douglas Shaw,STU0423,B.Tech AIML,4.7,3.1,38.4,37.5,42.2,18.9
424,Laura Nguyen,STU0424,B.Tech AIML,41.3,2.5,20.6,0,47.7,23.3
425,Joseph Perry,STU0425,B.Tech CSE,81,46,72.4,91.6,84.2,86
426,Patricia Jones,STU0426,B.Tech CSE,42.5,16.6,28.5,15.9,23.4,11.2
427,Julia Mendez,STU0427,B.Tech CSE,68.9,62.6,4.7,76.4,89.6,84.8
428,Nicole Watson,STU0428,B.Tech AIDS,59.1,42.6,31.9,73.6,17.6,39.2
429,Matthew Costa,STU0429,B.Tech AIML,33.9,24.8,28.1,56.2,9,2.5
430,Carol Martinez,STU0430,B.Tech AIML,63.6,62.3,0.1,78,96.4,83.8
431,Larry Castillo,STU0431,B.Tech AIML,46.2,79.4,46.1,2,7.2,21
432,Christopher Joseph,STU0432,B.Tech AIDS,72,59.3,91.9,91.7,79.2,82
433,Jason Brown,STU0433,B.Tech AIML,82.7,81.2,61.7,100,98,92
434,Danielle Cruz,STU0434,B.Tech AIML,33.8,26.4,32.1,10.2,1.1,4.1
435,Dr. Christopher Brown,STU0435,B.Tech AIDS,78,94.4,90.4,56.9,45.2,80.1
436,Colleen Peterson,STU0436,B.Tech AIDS,98.7,99.5,84.9,90.3,68.3,95.6
437,James Simon,STU0437,B.Tech AIDS,21.7,26,80.1,59.4,72.2,35.2
438,Stephanie Gilbert,STU0438,B.Tech CSE,4.8,2.9,3.8,14.1,42.9,5.8
439,James Zhang,STU0439,B.Tech CSE,21.3,76.1,27.1,8.9,2,11
440,Alan Jackson,STU0440,B.Tech AIDS,90.6,68.2,6.9,37.1,93.2,100
441,Michelle Gonzalez,STU0441,B.Tech CSE,81.9,40.7,76.3,84.4,80.8,86.6
442,Becky Harrison,STU0442,B.Tech AIDS,82.9,93.1,69.9,84.3,37.6,13.6
443,Trevor Price,STU0443,B.Tech AIML,40.4,0,23.1,0,47.3,27
444,Christine Simmons,STU0444,B.Tech AIDS,5.5,3,0,7,38.5,4.1
445,Jack Lewis,STU0445,B.Tech AIDS,90.2,77.9,64.1,98.3,94.6,99.7
446,Kyle Edwards,STU0446,B.Tech AIML,32.5,20.4,19.7,32.3,21.4,22.4
447,Philip Anderson,STU0447,B.Tech AIML,26.3,59.2,77,64.3,49.2,31.2
448,Jennifer Aguilar,STU0448,B.Tech AIML,3,11.5,60.7,40.1,15.3,38.1
449,Robert Martinez,STU0449,B.Tech CSE,71.9,49.3,85.3,70.1,97.3,94.6
450,Lori Lewis,STU0450,B.Tech AIDS,37.2,33.4,26.2,10,2.1,1.5
451,Derek Davis,STU0451,B.Tech AIDS,0,28.9,27.7,31,14.4,30.2
452,Madison Pham,STU0452,B.Tech AIML,42.8,24.8,5.2,15.4,52.2,63.6
453,Christopher Hodges,STU0453,B.Tech CSE,15.3,12.3,48.2,21.1,30.5,27.6
454,Gregory Jensen,STU0454,B.Tech AIDS,31.4,66.3,22.4,62.7,4.7,11.8
455,Jill Wiggins,STU0455,B.Tech AIDS,18.1,79.2,26.6,8.2,3.1,10.4
456,Rachel Frederick,STU0456,B.Tech AIDS,79.1,88.7,72.5,92.4,35.9,11.8
457,Matthew White,STU0457,B.Tech AIML,80.6,39.5,67.4,87.8,85.1,91.6
458,Christina Davis,STU0458,B.Tech CSE,97.9,98.1,91.2,88.7,72.6,93.7
459,Tyler Woodard,STU0459,B.Tech AIDS,82.4,91.2,69.7,87.4,32.7,11.6
460,Chad Hansen,STU0460,B.Tech AIML,89.3,90.2,4.2,86.3,43.5,78
461,Renee Holt,STU0461,B.Tech AIDS,70.7,79.6,44.1,47.1,67.6,59.1
462,Kiara Rojas,STU0462,B.Tech CSE,36.8,54.2,54.2,28.9,46.3,61.2
463,Shannon Macias,STU0463,B.Tech AIDS,27.4,55.6,81.6,69,49.1,26.1
464,Jennifer Freeman,STU0464,B.Tech AIML,5.3,5.1,55,37.1,15.2,40.9
465,Jonathan Young,STU0465,B.Tech AIML,42.9,21.4,4.4,5.9,49.5,62.2
466,Jeffrey Wright,STU0466,B.Tech CSE,97.3,100,86.1,100,77.3,87.3
467,Julie Huff,STU0467,B.Tech AIDS,3.6,0,0,9.2,40.1,5.2
468,Kevin Rice,STU0468,B.Tech AIDS,95.3,67.7,0,51.5,91.5,98.1
469,Taylor Lee,STU0469,B.Tech CSE,74.4,100,92.7,99.6,98.2,88.4
470,Kevin Williams,STU0470,B.Tech CSE,61.2,48.8,29.5,79.2,17.6,38.1
471,Patrick Jones,STU0471,B.Tech AIDS,97.3,96.3,95.6,46.1,72.6,76.8
472,Joel Kelley,STU0472,B.Tech AIML,72.1,78.3,42.6,48.1,59.6,57.2
473,James Oconnell,STU0473,B.Tech AIML,7.7,5.9,4.4,58.1,31.2,21.1
474,Kayla Washington,STU0474,B.Tech CSE,51.1,18.8,74.8,17.7,19.5,45.5
475,Gwendolyn Curry,STU0475,B.Tech AIML,82.9,67.8,68.4,84.9,62.7,55.8
476,John Wise,STU0476,B.Tech AIDS,22.6,10.4,3.7,74.8,65.9,53.4
477,Joshua Calderon,STU0477,B.Tech CSE,71.2,63,5.2,75.3,96.2,83.8
478,Richard Gross,STU0478,B.Tech AIDS,34.5,34.7,39.4,42.5,6,37.3
479,Jennifer Miller,STU0479,B.Tech AIDS,59.3,67.4,73.5,61.8,73.7,66.7
480,Albert Collins,STU0480,B.Tech AIML,13.7,57.3,32.1,15.8,54.2,49.3
481,Robert Welch,STU0481,B.Tech AIML,81.3,49.5,77.9,74.7,94.1,94.1
482,James Jackson,STU0482,B.Tech AIML,73.5,97.2,91.8,62.1,44.4,81.9
483,Lawrence Schwartz,STU0483,B.Tech AIDS,54.7,67.6,53.6,90.1,91.7,71.3
484,Christine Patel MD,STU0484,B.Tech CSE,70.3,67.2,90.7,90.4,77.9,71.2
485,Ian Miller,STU0485,B.Tech CSE,72.8,79.8,48.8,46.1,64.5,58.3
486,Adriana Nelson,STU0486,B.Tech AIDS,25.5,68.1,23.1,62.6,5.5,6
487,Samuel Owens III,STU0487,B.Tech CSE,81.9,84.9,0.9,78.7,49.7,78.9
488,Brian Oconnor,STU0488,B.Tech AIML,97.6,95.9,91.9,48.3,75.4,75.9
489,Vincent Thompson,STU0489,B.Tech AIDS,83.5,46.6,61.6,39.1,18.1,46.7
490,Sandra Reeves,STU0490,B.Tech CSE,67.2,55.8,5.8,71.6,90.6,92.6
491,Rebecca Joseph,STU0491,B.Tech AIML,0.4,29.6,28.6,34.6,22.1,24
492,Breanna Fisher,STU0492,B.Tech AIML,54.6,41.5,4.3,27.9,70.4,74.2
493,James Rosales,STU0493,B.Tech AIML,95.9,91.8,96.2,60.7,87.6,96.5
494,Eric Jackson,STU0494,B.Tech AIML,8.4,10.2,57.2,41.8,15.2,36.1
495,Robert Schultz,STU0495,B.Tech CSE,7.2,4.3,0.6,10.6,42.9,5.7
496,Jacqueline Jackson,STU0496,B.Tech CSE,8.9,7.8,21.9,46.9,18.6,51.1
497,Amanda Harvey,STU0497,B.Tech AIML,38.6,28.4,25.2,50.8,3.6,3.2
498,Leonard White,STU0498,B.Tech AIML,32.4,68.9,23.3,59.4,11.6,9.2
499,Melanie Gates,STU0499,B.Tech AIDS,58.2,51.1,98.7,71.2,85.1,82.4
500,Rachel Moore,STU0500,B.Tech AIDS,8.1,7,52,37.8,18.4,34.3
